Team,Target,Granularity,Model,Step,Forecast,Lower_CI,Upper_CI
CSK,runs,match,ARIMA,1,159.78778605671116,100.16784197328732,219.407730140135
CSK,runs,match,ARIMA,2,161.1281628321368,101.44407912104572,220.8122465432279
CSK,runs,match,ARIMA,3,160.05064507038887,100.31644429930273,219.784845841475
CSK,runs,match,ARIMA,4,160.96320340730452,101.20955405776459,220.71685275684445
CSK,runs,match,ARIMA,5,160.18990989185292,100.40842272279193,219.97139706091392
CSK,runs,match,SARIMAX,1,176.39815769796417,153.4312205227937,199.36509487313464
CSK,runs,match,SARIMAX,2,176.39603042342756,152.80572813439645,199.98633271245868
CSK,runs,match,SARIMAX,3,177.41828787489948,153.73766296088473,201.09891278891422
CSK,runs,match,SARIMAX,4,176.82103589875572,153.09673129792796,200.5453404995835
CSK,runs,match,SARIMAX,5,174.45355937698278,150.69253570418277,198.2145830497828
CSK,runs,match,Prophet,1,170.4964350068281,133.34969467514577,208.18193172818772
CSK,runs,match,Prophet,2,171.12381725339023,131.03004512953592,206.88603346373472
CSK,runs,match,Prophet,3,171.7010087384855,135.1740404928757,209.11962700244305
CSK,runs,match,Prophet,4,172.20658626936654,135.62817892875418,210.33057548828816
CSK,runs,match,Prophet,5,172.61832387703618,135.27033181254828,212.20118901861355
CSK,wickets,match,ARIMA,1,4.902644055604277,0.5716379567723306,9.233650154436223
CSK,wickets,match,ARIMA,2,5.54115963011867,1.1889056873855948,9.893413572851745
CSK,wickets,match,ARIMA,3,4.851526345366218,0.4987952000850564,9.204257490647379
CSK,wickets,match,ARIMA,4,5.524665946005696,1.1686961753071499,9.88063571670424
CSK,wickets,match,ARIMA,5,4.876550629758959,0.5184100568406178,9.2346912026773
CSK,wickets,match,SARIMAX,1,4.636825860250194,1.4689121760107797,7.804739544489608
CSK,wickets,match,SARIMAX,2,6.401260529736624,3.174144779961644,9.628376279511604
CSK,wickets,match,SARIMAX,3,4.794325223409902,1.5601877490762162,8.028462697743588
CSK,wickets,match,SARIMAX,4,4.190403423757956,0.9528419786247486,7.427964868891163
CSK,wickets,match,SARIMAX,5,3.444277175797038,0.20374851734123967,6.6848058342528365
CSK,wickets,match,Prophet,1,5.238396038519939,2.3164600638546666,7.807161607840958
CSK,wickets,match,Prophet,2,5.205815448467557,2.2784288444967165,7.978552807155347
CSK,wickets,match,Prophet,3,5.173509618274116,2.4496888586652457,7.973139344950225
CSK,wickets,match,Prophet,4,5.141509991689353,2.214728904351351,7.872734650020241
CSK,wickets,match,Prophet,5,5.109896334717134,2.4055901185857524,8.004252852998064
CSK,win_probability_proxy,match,ARIMA,1,0.6338220053297118,-0.3222514302203393,1.5898954408797628
CSK,win_probability_proxy,match,ARIMA,2,0.6189983746866722,-0.34103308317939773,1.579029832552742
CSK,win_probability_proxy,match,ARIMA,3,0.5533447370041433,-0.40688241414635373,1.5135718881546403
CSK,win_probability_proxy,match,ARIMA,4,0.6258945652443556,-0.33523858130241746,1.5870277117911287
CSK,win_probability_proxy,match,ARIMA,5,0.5562859457927497,-0.4054104743425655,1.517982365928065
CSK,win_probability_proxy,match,SARIMAX,1,-0.02753009745040612,-0.807182288082646,0.7521220931818338
CSK,win_probability_proxy,match,SARIMAX,2,-0.0744044815472711,-0.8541656405585296,0.7053566774639874
CSK,win_probability_proxy,match,SARIMAX,3,-0.11003396219679029,-0.8898018506961028,0.6697339263025223
CSK,win_probability_proxy,match,SARIMAX,4,-0.019767501103336596,-0.7995396005196733,0.7600045983130002
CSK,win_probability_proxy,match,SARIMAX,5,-0.03991074496909222,-0.8196871109482115,0.7398656210100271
CSK,win_probability_proxy,match,Prophet,1,0.5701970608179309,-0.03701410092149993,1.1955243857401918
CSK,win_probability_proxy,match,Prophet,2,0.5766418719419212,-0.03259250936088772,1.2314009766487237
CSK,win_probability_proxy,match,Prophet,3,0.5816323955112318,-0.05789547030438948,1.2185741675289645
CSK,win_probability_proxy,match,Prophet,4,0.585079894038962,-0.03954410630848121,1.2198092051794034
CSK,win_probability_proxy,match,Prophet,5,0.5869214518363731,0.012253621089424037,1.2246675858845104
DC,runs,match,ARIMA,1,156.42256071605814,94.93320178784242,217.91191964427387
DC,runs,match,ARIMA,2,159.40580806346642,97.91643356590811,220.89518256102474
DC,runs,match,ARIMA,3,157.15624217368094,95.6572279793183,218.65525636804358
DC,runs,match,ARIMA,4,158.68727344809747,97.07684959426336,220.29769730193158
DC,runs,match,ARIMA,5,157.6594899470004,96.04899011904891,219.26998977495188
DC,runs,match,SARIMAX,1,157.45305310894554,134.36590738539573,180.54019883249535
DC,runs,match,SARIMAX,2,154.70387420543236,131.58031437797,177.8274340328947
DC,runs,match,SARIMAX,3,153.6358389891684,130.50901906356043,176.76265891477638
DC,runs,match,SARIMAX,4,155.57309020967102,132.4436170940873,178.70256332525474
DC,runs,match,SARIMAX,5,155.36170145865432,132.22959938019295,178.4938035371157
DC,runs,match,Prophet,1,162.19493274260742,127.0070233878432,202.2268908246703
DC,runs,match,Prophet,2,159.46325147432233,122.59725498508975,196.25281920153623
DC,runs,match,Prophet,3,157.04926894105304,116.16668525638092,194.54569855957791
DC,runs,match,Prophet,4,155.00291177463907,116.53079064688822,192.6150020309294
DC,runs,match,Prophet,5,153.35896656425973,114.141131043053,193.2218915411981
DC,wickets,match,ARIMA,1,5.737818358961347,0.9800395932725827,10.49559712465011
DC,wickets,match,ARIMA,2,5.915627797595883,1.1507950672456335,10.680460527946133
DC,wickets,match,ARIMA,3,5.963079563210573,1.1982099078555946,10.727949218565552
DC,wickets,match,ARIMA,4,5.911132752594277,1.145625082140267,10.676640423048287
DC,wickets,match,ARIMA,5,5.953079881697404,1.187538641184383,10.718621122210426
DC,wickets,match,SARIMAX,1,9.719832003994824,5.909801461882479,13.52986254610717
DC,wickets,match,SARIMAX,2,9.346980746605801,5.468057052886076,13.225904440325527
DC,wickets,match,SARIMAX,3,9.596389232295603,5.686860409769148,13.50591805482206
DC,wickets,match,SARIMAX,4,9.567710144004845,5.630078399173819,13.505341888835872
DC,wickets,match,SARIMAX,5,9.45869090032036,5.493326562448703,13.424055238192015
DC,wickets,match,Prophet,1,7.498835387330925,4.47659512717792,10.410067205003948
DC,wickets,match,Prophet,2,7.509214468849002,4.529839580156965,10.340477446394143
DC,wickets,match,Prophet,3,7.489387592738335,4.5243367296267865,10.446302151503199
DC,wickets,match,Prophet,4,7.4395148852915405,4.712693382913182,10.67416222709459
DC,wickets,match,Prophet,5,7.360827184070828,4.5915121256450275,10.399276889502977
DC,win_probability_proxy,match,ARIMA,1,0.47761558107895397,-0.49632386961287234,1.4515550317707802
DC,win_probability_proxy,match,ARIMA,2,0.5865720584383166,-0.3882073197099778,1.561351436586611
DC,win_probability_proxy,match,ARIMA,3,0.42045354641283383,-0.5545428681133459,1.3954499609390134
DC,win_probability_proxy,match,ARIMA,4,0.5883337849217762,-0.38838650187621837,1.565054071719771
DC,win_probability_proxy,match,ARIMA,5,0.4243858422895502,-0.5523988667235151,1.4011705513026154
DC,win_probability_proxy,match,SARIMAX,1,0.16651920194937775,-0.6187389303091003,0.9517773342078558
DC,win_probability_proxy,match,SARIMAX,2,0.254431881695675,-0.555534280070309,1.064398043461659
DC,win_probability_proxy,match,SARIMAX,3,0.2462100057943183,-0.5719276790048886,1.0643476905935252
DC,win_probability_proxy,match,SARIMAX,4,0.23586753971014351,-0.5887969847535433,1.0605320641738303
DC,win_probability_proxy,match,SARIMAX,5,0.20826312337959607,-0.6226702978473115,1.0391965446065037
DC,win_probability_proxy,match,Prophet,1,0.35015136336719965,-0.2978858772897782,0.9826751710857184
DC,win_probability_proxy,match,Prophet,2,0.34530447478574217,-0.2807562667900877,0.9582010433969885
DC,win_probability_proxy,match,Prophet,3,0.34382483402991065,-0.28026768379371586,0.9654470714068477
DC,win_probability_proxy,match,Prophet,4,0.3456721763213457,-0.29101132785235717,0.9347614360776847
DC,win_probability_proxy,match,Prophet,5,0.3507128040249455,-0.32661607696083766,0.9850769544161361
GL,runs,match,ARIMA,1,159.06669656707055,113.94615517074777,204.18723796339333
GL,runs,match,ARIMA,2,149.98529750818676,102.82477079460443,197.1458242217691
GL,runs,match,ARIMA,3,163.5362510336199,115.93463813384187,211.1378639333979
GL,runs,match,ARIMA,4,151.3189302712702,103.67179574038704,198.96606480215337
GL,runs,match,ARIMA,5,163.93365083384677,116.25879174084963,211.6085099268439
GL,runs,match,SARIMAX,1,136.29281040884098,134.95277727443857,137.63284354324338
GL,runs,match,SARIMAX,2,137.27244887616646,133.38615151674145,141.15874623559148
GL,runs,match,SARIMAX,3,138.2078239327448,131.20430166517158,145.211346200318
GL,runs,match,SARIMAX,4,139.09156892041895,128.5473109168574,149.6358269239805
GL,runs,match,SARIMAX,5,140.0516890960112,125.64081515676268,154.46256303525968
GL,runs,match,Prophet,1,163.23954912444324,138.75228274572527,185.43627055633263
GL,runs,match,Prophet,2,161.81358763465738,137.9720275790767,186.66244602204287
GL,runs,match,Prophet,3,160.2685276805688,137.47221823702233,183.4825060187514
GL,runs,match,Prophet,4,158.5415478229334,131.4959935999015,181.79427092481978
GL,runs,match,Prophet,5,156.56869086216233,132.38070337639732,180.3620246088031
GL,wickets,match,ARIMA,1,5.546404585680604,1.6857156758786211,9.407093495482588
GL,wickets,match,ARIMA,2,6.867432411934381,3.0062666293106965,10.728598194558066
GL,wickets,match,ARIMA,3,5.116035895156326,1.1464085741763599,9.085663216136293
GL,wickets,match,ARIMA,4,5.306085494963931,1.1454005580884852,9.466770431839375
GL,wickets,match,ARIMA,5,6.015338444733617,1.8029157701871457,10.227761119280089
GL,wickets,match,SARIMAX,1,3.0037872182143825,2.711418373672312,3.2961560627564532
GL,wickets,match,SARIMAX,2,3.117055777577743,2.4986943061949507,3.7354172489605357
GL,wickets,match,SARIMAX,3,3.210458500446462,2.2373339555145098,4.183583045378414
GL,wickets,match,SARIMAX,4,3.213533671627758,1.8753126545103411,4.5517546887451745
GL,wickets,match,SARIMAX,5,3.313570334836795,1.6102585436429493,5.016882126030641
GL,wickets,match,Prophet,1,5.583023323328417,3.2053490437680607,8.014967232624931
GL,wickets,match,Prophet,2,5.58096831270386,3.2110964261811183,8.080016194919697
GL,wickets,match,Prophet,3,5.593519856667291,3.378898625795185,7.954580231746954
GL,wickets,match,Prophet,4,5.62251530350647,3.1213766081460834,7.774034353826022
GL,wickets,match,Prophet,5,5.6680138033527045,3.3618686796675528,7.907611957929939
GL,win_probability_proxy,match,ARIMA,1,0.25168102078881405,-0.7152352749703558,1.2185973165479838
GL,win_probability_proxy,match,ARIMA,2,0.27555525580568196,-0.6916941258157125,1.2428046374270765
GL,win_probability_proxy,match,ARIMA,3,0.385605872500325,-0.5823961216984039,1.3536078666990539
GL,win_probability_proxy,match,ARIMA,4,0.4654157761223481,-0.5062561803905119,1.437087732635208
GL,win_probability_proxy,match,ARIMA,5,0.5118812128356804,-0.4770952013797243,1.5008576270510852
GL,win_probability_proxy,match,SARIMAX,1,0.9971499515889048,0.9648898373452178,1.029410065832592
GL,win_probability_proxy,match,SARIMAX,2,0.9984848808361569,0.9367351851255172,1.0602345765467966
GL,win_probability_proxy,match,SARIMAX,3,0.9989905131027519,0.9142265913550764,1.0837544348504273
GL,win_probability_proxy,match,SARIMAX,4,0.9976269169549675,0.8940610495958408,1.1011927843140943
GL,win_probability_proxy,match,SARIMAX,5,0.9962056201063435,0.8765709863985156,1.1158402538141714
GL,win_probability_proxy,match,Prophet,1,0.3567607051306114,-0.215515647285613,0.9153191168798026
GL,win_probability_proxy,match,Prophet,2,0.32453463181353537,-0.2168630883410498,0.8890995646976005
GL,win_probability_proxy,match,Prophet,3,0.2867837378298005,-0.26207708576110283,0.8367576178827348
GL,win_probability_proxy,match,Prophet,4,0.2443393582367792,-0.29213712808988235,0.8348767867166621
GL,win_probability_proxy,match,Prophet,5,0.19848918253383185,-0.34323444375654055,0.7196579117782743
GT,runs,match,ARIMA,1,176.37577018582755,112.73727256848645,240.01426780316865
GT,runs,match,ARIMA,2,178.71891084104325,115.04273455714792,242.39508712493858
GT,runs,match,ARIMA,3,177.67590855910342,113.87440044335686,241.47741667484996
GT,runs,match,ARIMA,4,177.55255043182635,113.64095010167796,241.46415076197474
GT,runs,match,ARIMA,5,177.68768458385753,113.68614666123676,241.6892225064783
GT,runs,match,SARIMAX,1,174.08561288392826,153.93150253641633,194.2397232314402
GT,runs,match,SARIMAX,2,187.50439929384189,163.78338977755837,211.2254088101254
GT,runs,match,SARIMAX,3,182.93490353838646,157.92007718985082,207.9497298869221
GT,runs,match,SARIMAX,4,181.10197210630108,155.55304751340057,206.65089669920158
GT,runs,match,SARIMAX,5,176.9382238987118,151.146035680576,202.73041211684762
GT,runs,match,Prophet,1,188.00141735790265,151.32742531693694,227.29160524224218
GT,runs,match,Prophet,2,188.83143681036074,147.6036665540045,228.26355339220603
GT,runs,match,Prophet,3,189.24347804247844,147.1614107657554,229.66304838901803
GT,runs,match,Prophet,4,189.2111050469387,150.22651051310353,227.50216734269043
GT,runs,match,Prophet,5,188.74476820791523,150.9880420698975,229.8478894845343
GT,wickets,match,ARIMA,1,6.460846760120683,1.8081168767972997,11.113576643444066
GT,wickets,match,ARIMA,2,5.7895437185540235,1.137332253501505,10.441755183606542
GT,wickets,match,ARIMA,3,5.8144676829161215,1.1614535653243205,10.467481800507922
GT,wickets,match,ARIMA,4,5.89230251085412,1.180559328586587,10.604045693121652
GT,wickets,match,ARIMA,5,5.804973986528115,1.0932403542001357,10.516707618856094
GT,wickets,match,SARIMAX,1,2.85392669431426,-0.45191324724124327,6.159766635869763
GT,wickets,match,SARIMAX,2,2.8937413533437857,-0.5495444222653165,6.337027128952888
GT,wickets,match,SARIMAX,3,3.7701624608140625,-0.5769648105713436,8.117289732199469
GT,wickets,match,SARIMAX,4,3.0565475810411096,-1.520933488481802,7.634028650564021
GT,wickets,match,SARIMAX,5,5.055563087363853,-0.07352877632167765,10.184654951049385
GT,wickets,match,Prophet,1,5.208292664798066,2.4420773143632486,7.7352749015074345
GT,wickets,match,Prophet,2,5.220450809346976,2.652894947155009,7.959262865517333
GT,wickets,match,Prophet,3,5.300185612488261,2.6277014960064107,8.081905239662367
GT,wickets,match,Prophet,4,5.4439370243879335,2.8065786251055083,8.382618918457581
GT,wickets,match,Prophet,5,5.644754710983109,3.1704710110137597,8.329184768664994
GT,win_probability_proxy,match,ARIMA,1,0.12404488569494765,-0.7882848416935645,1.03637461308346
GT,win_probability_proxy,match,ARIMA,2,0.3995452021358766,-0.5489692262467305,1.3480596305184838
GT,win_probability_proxy,match,ARIMA,3,0.4153615752961446,-0.5344458226214182,1.3651689732137073
GT,win_probability_proxy,match,ARIMA,4,0.4437067313462166,-0.5074874978532635,1.3949009605456968
GT,win_probability_proxy,match,ARIMA,5,0.4542560316934344,-0.5001274682668901,1.408639531653759
GT,win_probability_proxy,match,SARIMAX,1,0.711127953599624,0.14357554317815202,1.278680364021096
GT,win_probability_proxy,match,SARIMAX,2,0.9968668158410994,0.299941205547565,1.6937924261346338
GT,win_probability_proxy,match,SARIMAX,3,0.947031115627019,0.19160478921548207,1.7024574420385559
GT,win_probability_proxy,match,SARIMAX,4,0.9723707919596856,0.19173249544855298,1.7530090884708183
GT,win_probability_proxy,match,SARIMAX,5,1.0887297908471814,0.29502051576831656,1.8824390659260462
GT,win_probability_proxy,match,Prophet,1,0.4820236266329425,-0.1170486055472653,1.0644439546662914
GT,win_probability_proxy,match,Prophet,2,0.41737895272601633,-0.11852908966700663,0.9868483745789484
GT,win_probability_proxy,match,Prophet,3,0.3568718713598714,-0.19965471187145137,0.9264502126805791
GT,win_probability_proxy,match,Prophet,4,0.3037796908170668,-0.2710535966130412,0.9152208828999102
GT,win_probability_proxy,match,Prophet,5,0.2605017559868487,-0.31454172195698576,0.8060932507017443
KKR,runs,match,ARIMA,1,154.04344946145332,93.47086528077787,214.61603364212877
KKR,runs,match,ARIMA,2,153.86982300457083,93.23212593600121,214.50752007314045
KKR,runs,match,ARIMA,3,154.76400512698473,93.99069955600999,215.53731069795947
KKR,runs,match,ARIMA,4,153.97505162815318,93.18746610980709,214.7626371464993
KKR,runs,match,ARIMA,5,154.69226988436304,93.78878142388007,215.59575834484602
KKR,runs,match,SARIMAX,1,132.8520219603892,106.59173855915135,159.11230536162708
KKR,runs,match,SARIMAX,2,134.78201724612987,107.18613668915016,162.3778978031096
KKR,runs,match,SARIMAX,3,134.2240931063284,106.48381894769176,161.96436726496506
KKR,runs,match,SARIMAX,4,133.9676736321625,106.20862513412669,161.7267221301983
KKR,runs,match,SARIMAX,5,134.07284574488546,106.31046959423364,161.83522189553727
KKR,runs,match,Prophet,1,180.63237084684846,142.02141290993407,217.19869043565035
KKR,runs,match,Prophet,2,180.91330390348435,143.68793984612932,218.6166624032997
KKR,runs,match,Prophet,3,180.89253934028375,144.9683337517254,219.2632975480913
KKR,runs,match,Prophet,4,180.58121995427697,143.80131812232753,221.04041963801313
KKR,runs,match,Prophet,5,179.99960873508354,141.16622028732752,219.08412498434853
KKR,wickets,match,ARIMA,1,6.495091198478489,1.6699729069615632,11.320209489995415
KKR,wickets,match,ARIMA,2,5.709598967964743,0.8659404007431348,10.55325753518635
KKR,wickets,match,ARIMA,3,6.2712102466354365,1.4263763647348995,11.116044128535973
KKR,wickets,match,ARIMA,4,5.783808817787171,0.934026482051804,10.633591153522538
KKR,wickets,match,ARIMA,5,6.203673666044385,1.3534514779589468,11.053895854129824
KKR,wickets,match,SARIMAX,1,11.055941239654125,7.1614116530757315,14.950470826232518
KKR,wickets,match,SARIMAX,2,11.314154251877035,7.278786091432714,15.349522412321356
KKR,wickets,match,SARIMAX,3,11.37972593880452,7.327954848914927,15.431497028694114
KKR,wickets,match,SARIMAX,4,11.388911897407445,7.332442584820461,15.445381209994428
KKR,wickets,match,SARIMAX,5,11.394440042474356,7.335051543698534,15.453828541250179
KKR,wickets,match,Prophet,1,6.386636183135874,3.2778858982882317,9.487209376716297
KKR,wickets,match,Prophet,2,6.373865268360079,3.21725722300525,9.538326529766017
KKR,wickets,match,Prophet,3,6.355800436756738,3.246437906147319,9.208069609795634
KKR,wickets,match,Prophet,4,6.333618975800272,3.30073212948603,9.412033418726876
KKR,wickets,match,Prophet,5,6.308649349325929,3.4805850773128424,9.459299121657425
KKR,win_probability_proxy,match,ARIMA,1,0.4881013944029481,-0.49366142645490774,1.469864215260804
KKR,win_probability_proxy,match,ARIMA,2,0.5347855044839398,-0.4475132013157668,1.5170842102836464
KKR,win_probability_proxy,match,ARIMA,3,0.4911562616602294,-0.49140928200182654,1.4737218053222854
KKR,win_probability_proxy,match,ARIMA,4,0.5305757147012016,-0.45243897695411806,1.513590406356521
KKR,win_probability_proxy,match,ARIMA,5,0.49496375433844303,-0.48820852701222667,1.4781360356891127
KKR,win_probability_proxy,match,SARIMAX,1,-0.38481190613539296,-1.1741592001951728,0.40453538792438704
KKR,win_probability_proxy,match,SARIMAX,2,-0.38194135437357724,-1.171286449438341,0.40740374069118646
KKR,win_probability_proxy,match,SARIMAX,3,-0.42115613420137,-1.2105248863762799,0.3682126179735399
KKR,win_probability_proxy,match,SARIMAX,4,-0.3535317532304506,-1.142923414001808,0.43585990754090675
KKR,win_probability_proxy,match,SARIMAX,5,-0.37988143083422377,-1.1692960074413161,0.4095331457728685
KKR,win_probability_proxy,match,Prophet,1,0.554551505101189,-0.08014533223414416,1.150437228869589
KKR,win_probability_proxy,match,Prophet,2,0.5621804754330694,-0.04114150093018282,1.1731623631822148
KKR,win_probability_proxy,match,Prophet,3,0.5697204393249634,-0.0964184873184268,1.2269270470434577
KKR,win_probability_proxy,match,Prophet,4,0.5767888915858689,-0.029343945637409687,1.1809667401818413
KKR,win_probability_proxy,match,Prophet,5,0.5830487371975446,-0.07554985878033511,1.2435686160318817
KTK,runs,match,ARIMA,1,124.99995917717129,124.97583336610437,125.02408498823822
KTK,runs,match,ARIMA,2,124.99996739953723,124.96584832835615,125.03408647071831
KTK,runs,match,ARIMA,3,124.99996739954753,124.95818023682838,125.04175456226668
KTK,runs,match,ARIMA,4,124.99996739954643,124.95171573721265,125.04821906188022
KTK,runs,match,ARIMA,5,124.99996739954643,124.94602039900118,125.05391440009168
KTK,runs,match,SARIMAX,1,125.0,124.99998040036016,125.00001959963984
KTK,runs,match,SARIMAX,2,125.0,124.99997697610976,125.00002302389024
KTK,runs,match,SARIMAX,3,125.0,124.99997230243926,125.00002769756074
KTK,runs,match,SARIMAX,4,125.0,124.99996899472839,125.00003100527161
KTK,runs,match,SARIMAX,5,125.0,124.99996573803277,125.00003426196723
KTK,runs,match,Prophet,1,90.85039814490153,76.30487405855835,104.1608094347854
KTK,runs,match,Prophet,2,43.06064545977762,29.379790044776648,57.77660723498762
KTK,runs,match,Prophet,3,-20.39027617398743,-35.06109537367747,-5.387103180337545
KTK,runs,match,Prophet,4,-100.7315640618266,-114.46568386379116,-85.85886953896701
KTK,runs,match,Prophet,5,-198.8089150464533,-213.3479691456212,-184.59297966633204
KTK,wickets,match,ARIMA,1,9.000005257839742,8.975870893759808,9.024139621919677
KTK,wickets,match,ARIMA,2,9.000003179183427,8.965872009304055,9.034134349062798
KTK,wickets,match,ARIMA,3,9.000003179180425,8.958201201000545,9.041805157360304
KTK,wickets,match,ARIMA,4,9.000003179180965,8.951734410788072,9.048271947573857
KTK,wickets,match,ARIMA,5,9.000003179180965,8.946037054393441,9.053969303968488
KTK,wickets,match,SARIMAX,1,9.000000000000004,8.999980384186868,9.00001961581314
KTK,wickets,match,SARIMAX,2,9.000000000000002,8.999975229586473,9.00002477041353
KTK,wickets,match,SARIMAX,3,9.000000000000004,8.999969023952627,9.00003097604738
KTK,wickets,match,SARIMAX,4,9.000000000000002,8.999965174096337,9.000034825903667
KTK,wickets,match,SARIMAX,5,9.000000000000004,8.999960801284494,9.000039198715513
KTK,wickets,match,Prophet,1,12.554095914149299,10.266647208200066,14.913904162972294
KTK,wickets,match,Prophet,2,17.747069648611998,15.394843219148504,19.95048691746458
KTK,wickets,match,Prophet,3,24.533695642189375,22.50179291497043,26.729215035709412
KTK,wickets,match,Prophet,4,33.03500480390957,30.75080509802045,35.39467663616936
KTK,wickets,match,Prophet,5,43.33308212135226,41.17404097732792,45.52761236825467
KTK,win_probability_proxy,match,ARIMA,1,-0.41138932686950835,-1.0352278686459266,0.21244921490691004
KTK,win_probability_proxy,match,ARIMA,2,-0.02573429788582221,-0.6989910000351569,0.6475224042635126
KTK,win_probability_proxy,match,ARIMA,3,0.6414393681512187,-0.023756275392924242,1.3066350116953616
KTK,win_probability_proxy,match,ARIMA,4,0.7834226485320283,0.12694781452861859,1.439897482535438
KTK,win_probability_proxy,match,ARIMA,5,0.27393236732751036,-0.488665331426848,1.0365300660818688
KTK,win_probability_proxy,match,SARIMAX,1,1.1102230246251565e-16,-1.9599639845289616e-05,1.959963984551166e-05
KTK,win_probability_proxy,match,SARIMAX,2,1.1102230246251565e-16,-2.5195756244167266e-05,2.519575624438931e-05
KTK,win_probability_proxy,match,SARIMAX,3,1.1102230246251565e-16,-3.0231327006171604e-05,3.023132700639365e-05
KTK,win_probability_proxy,match,SARIMAX,4,1.1102230246251565e-16,-3.444286950718373e-05,3.4442869507405773e-05
KTK,win_probability_proxy,match,SARIMAX,5,1.1102230246251565e-16,-3.8213121815186114e-05,3.821312181540816e-05
KTK,win_probability_proxy,match,Prophet,1,-0.3180516423322004,-0.6873677359110376,0.0740885126028066
KTK,win_probability_proxy,match,Prophet,2,-1.005840028225891,-1.383664172025476,-0.6155821439315602
KTK,win_probability_proxy,match,Prophet,3,-1.9016590556484392,-2.3040547716353097,-1.544258776804373
KTK,win_probability_proxy,match,Prophet,4,-3.0211667112280858,-3.40708840394145,-2.6496774553993947
KTK,win_probability_proxy,match,Prophet,5,-4.374953109990576,-4.7332424557543815,-3.953813609656467
LSG,runs,match,ARIMA,1,172.2426740816373,106.61171310668945,237.87363505658513
LSG,runs,match,ARIMA,2,171.95866470481832,106.340162154059,237.57716725557765
LSG,runs,match,ARIMA,3,172.07078835619606,106.37074348615103,237.7708332262411
LSG,runs,match,ARIMA,4,171.9687605927955,106.28118505159742,237.65633613399356
LSG,runs,match,ARIMA,5,172.06060475245317,106.31260519442404,237.8086043104823
LSG,runs,match,SARIMAX,1,194.7231320585843,178.14018630827968,211.30607780888892
LSG,runs,match,SARIMAX,2,198.13486391762711,178.19788505293255,218.07184278232168
LSG,runs,match,SARIMAX,3,199.59698909531906,177.31957385918685,221.87440433145127
LSG,runs,match,SARIMAX,4,196.8137406222923,172.51118798680898,221.11629325777562
LSG,runs,match,SARIMAX,5,191.25999283364345,165.10543803252318,217.41454763476372
LSG,runs,match,Prophet,1,196.00661761166484,159.25104718037215,233.66424122210296
LSG,runs,match,Prophet,2,197.3928329966853,162.8165160779146,239.37801677421993
LSG,runs,match,Prophet,3,198.0431448910749,158.92157308732067,236.96430950425545
LSG,runs,match,Prophet,4,197.80984496437145,162.12099054575322,235.19094703205877
LSG,runs,match,Prophet,5,196.65462454011728,160.34815038939277,234.8027428855388
LSG,wickets,match,ARIMA,1,6.926847016128661,2.6655052914699047,11.188188740787417
LSG,wickets,match,ARIMA,2,5.673065266196554,1.4092720776104297,9.936858454782678
LSG,wickets,match,ARIMA,3,6.817701079430735,2.5185156273309888,11.116886531530483
LSG,wickets,match,ARIMA,4,5.8032991944625,1.494154964983096,10.112443423941905
LSG,wickets,match,ARIMA,5,6.704313134498668,2.3730813290789072,11.035544939918429
LSG,wickets,match,SARIMAX,1,4.885420544475126,3.0766852860296052,6.694155802920648
LSG,wickets,match,SARIMAX,2,4.933909320987631,2.523212372501618,7.344606269473644
LSG,wickets,match,SARIMAX,3,5.427642967231808,2.612920116899336,8.24236581756428
LSG,wickets,match,SARIMAX,4,5.34485639110337,2.2183900304745534,8.471322751732187
LSG,wickets,match,SARIMAX,5,4.32650650289073,0.9402638625523401,7.71274914322912
LSG,wickets,match,Prophet,1,5.840021897958841,3.0401720768138936,8.518506421987885
LSG,wickets,match,Prophet,2,5.711108307429297,2.9830685012638116,8.20360897741984
LSG,wickets,match,Prophet,3,5.658124800057359,3.134848714880583,8.487356770629209
LSG,wickets,match,Prophet,4,5.674417672675687,3.08114181965864,8.514734553210575
LSG,wickets,match,Prophet,5,5.750113489292831,3.05797980652327,8.414935544261025
LSG,win_probability_proxy,match,ARIMA,1,0.390861104666275,-0.5814993421004734,1.3632215514330235
LSG,win_probability_proxy,match,ARIMA,2,0.6481184917166145,-0.33545178840809664,1.6316887718413255
LSG,win_probability_proxy,match,ARIMA,3,0.46109376807845076,-0.5278058605625433,1.449993396719445
LSG,win_probability_proxy,match,ARIMA,4,0.6091296975668419,-0.380675359735132,1.5989347548688158
LSG,win_probability_proxy,match,ARIMA,5,0.49087482266832855,-0.5012163139790549,1.4829659593157118
LSG,win_probability_proxy,match,SARIMAX,1,0.5139398029370055,-0.003021223420022201,1.0309008292940331
LSG,win_probability_proxy,match,SARIMAX,2,1.056588051090558,0.5386043363292466,1.5745717658518696
LSG,win_probability_proxy,match,SARIMAX,3,0.5445688780706761,0.018347397154255707,1.0707903589870966
LSG,win_probability_proxy,match,SARIMAX,4,0.6455282653477674,0.11542289783830484,1.17563363285723
LSG,win_probability_proxy,match,SARIMAX,5,1.0191576956841968,0.4843708084108622,1.5539445829575314
LSG,win_probability_proxy,match,Prophet,1,0.6324052145464725,0.09171984847254229,1.14495056009835
LSG,win_probability_proxy,match,Prophet,2,0.7403717210316406,0.19514542684418568,1.267523420766612
LSG,win_probability_proxy,match,Prophet,3,0.8197578683201715,0.28352799895042674,1.3518430340877943
LSG,win_probability_proxy,match,Prophet,4,0.8705978952661306,0.3537749205884568,1.421924106926594
LSG,win_probability_proxy,match,Prophet,5,0.8941525297670025,0.3531798890903658,1.422819164595511
MI,runs,match,ARIMA,1,161.36647245591914,103.53571150523759,219.19723340660067
MI,runs,match,ARIMA,2,161.82853436695535,103.84458186504887,219.81248686886184
MI,runs,match,ARIMA,3,161.8354948942186,103.81814769265331,219.8528420957839
MI,runs,match,ARIMA,4,161.84534573176174,103.7991438283407,219.89154763518277
MI,runs,match,ARIMA,5,161.83867464826128,103.76283286956524,219.9145164269573
MI,runs,match,SARIMAX,1,153.6950352641561,127.51286292218818,179.87720760612405
MI,runs,match,SARIMAX,2,153.05125770980294,125.68729359983642,180.41522181976944
MI,runs,match,SARIMAX,3,155.08511285067647,127.31984928067412,182.85037642067883
MI,runs,match,SARIMAX,4,152.70041689466203,124.63061608708863,180.7702177022354
MI,runs,match,SARIMAX,5,157.0857227266387,128.72950518123588,185.4419402720415
MI,runs,match,Prophet,1,169.58874590687887,136.75396187264278,205.5900054193685
MI,runs,match,Prophet,2,169.96232146694817,135.15333353177883,205.46864119571
MI,runs,match,Prophet,3,170.34196306993277,133.81902782655388,205.40548851955452
MI,runs,match,Prophet,4,170.70777519124687,133.55974578791864,206.12495722393524
MI,runs,match,Prophet,5,171.04285633828906,133.9014235691024,204.85778586498887
MI,wickets,match,ARIMA,1,6.479514148472548,1.7955302421000763,11.16349805484502
MI,wickets,match,ARIMA,2,5.385044158182765,0.6992074133532071,10.070880903012323
MI,wickets,match,ARIMA,3,6.466507381166021,1.779724962341648,11.153289799990395
MI,wickets,match,ARIMA,4,5.434137037382189,0.7450720185555069,10.123202056208871
MI,wickets,match,ARIMA,5,6.41750148300214,1.7273750463915674,11.107627919612714
MI,wickets,match,SARIMAX,1,4.5490839398631175,0.5318362485296753,8.56633163119656
MI,wickets,match,SARIMAX,2,3.510794008178803,-0.5146025504143639,7.53619056677197
MI,wickets,match,SARIMAX,3,3.9119784133437703,-0.11357724095821187,7.937534067645752
MI,wickets,match,SARIMAX,4,3.558136879425388,-0.4674748127053654,7.583748571556141
MI,wickets,match,SARIMAX,5,4.215448598049652,0.18978562659078957,8.241111569508515
MI,wickets,match,Prophet,1,6.027706241820361,3.1019054230447933,8.89770630411526
MI,wickets,match,Prophet,2,6.083265916679371,3.2651792505018498,8.929624002131373
MI,wickets,match,Prophet,3,6.144881282442839,3.3318429694407596,9.156568948705466
MI,wickets,match,Prophet,4,6.209781765556664,3.355083530161552,9.125155949820373
MI,wickets,match,Prophet,5,6.275145545097166,3.4197480299136527,9.220238568265941
MI,win_probability_proxy,match,ARIMA,1,0.5802081607456717,-0.3880000053547842,1.5484163268461275
MI,win_probability_proxy,match,ARIMA,2,0.6041986412077825,-0.3640298643599561,1.5724271467755213
MI,win_probability_proxy,match,ARIMA,3,0.5476032270506448,-0.42152835708487957,1.5167348111861692
MI,win_probability_proxy,match,ARIMA,4,0.5984718843401653,-0.37182158520159225,1.5687653538819228
MI,win_probability_proxy,match,ARIMA,5,0.5548293022792697,-0.41602207299323624,1.5256806775517757
MI,win_probability_proxy,match,SARIMAX,1,0.21400843395349564,-0.6091852734237816,1.0372021413307728
MI,win_probability_proxy,match,SARIMAX,2,0.2604776669469673,-0.5777942382636108,1.0987495721575453
MI,win_probability_proxy,match,SARIMAX,3,0.26729693825086953,-0.5723669926431161,1.1069608691448551
MI,win_probability_proxy,match,SARIMAX,4,0.2592969166608502,-0.5809080884259991,1.0995019217476996
MI,win_probability_proxy,match,SARIMAX,5,0.2607336031609605,-0.5799096912843761,1.101376897606297
MI,win_probability_proxy,match,Prophet,1,0.5276232319941305,-0.08063439452993777,1.1319202009775482
MI,win_probability_proxy,match,Prophet,2,0.5231266683455678,-0.08680419857847077,1.11691299980213
MI,win_probability_proxy,match,Prophet,3,0.5195515233995057,-0.11603236139423898,1.1148817888363625
MI,win_probability_proxy,match,Prophet,4,0.5170202455199353,-0.07794858422673706,1.1277705999002787
MI,win_probability_proxy,match,Prophet,5,0.5156462228649215,-0.039604230411997,1.1534174789741658
PBKS,runs,match,ARIMA,1,164.93906711461162,103.07320076522336,226.80493346399987
PBKS,runs,match,ARIMA,2,152.02001596861362,90.12705294203684,213.9129789951904
PBKS,runs,match,ARIMA,3,164.91701468074015,103.01389420924454,226.82013515223576
PBKS,runs,match,ARIMA,4,152.08000860986306,90.17573892898307,213.98427829074305
PBKS,runs,match,ARIMA,5,164.85875136755726,102.94606595768116,226.77143677743337
PBKS,runs,match,SARIMAX,1,162.73121674118607,138.34496948598652,187.11746399638562
PBKS,runs,match,SARIMAX,2,166.96615296178655,141.44258478543208,192.48972113814102
PBKS,runs,match,SARIMAX,3,167.95762503543511,142.32098529640285,193.59426477446738
PBKS,runs,match,SARIMAX,4,167.87080439665814,142.22055544129054,193.52105335202575
PBKS,runs,match,SARIMAX,5,168.02956153464427,142.37708015377316,193.68204291551538
PBKS,runs,match,Prophet,1,163.00732060136824,125.3371089556925,204.4835624643782
PBKS,runs,match,Prophet,2,162.74720390341963,124.49376579407912,200.8693937198987
PBKS,runs,match,Prophet,3,162.50558595214568,120.55199539179895,206.0012927802904
PBKS,runs,match,Prophet,4,162.28652995890934,121.6147155643311,203.40748284818588
PBKS,runs,match,Prophet,5,162.09386771742322,121.6149527902509,203.70122650656353
PBKS,wickets,match,ARIMA,1,5.609962355413627,0.8050210240689193,10.414903686758334
PBKS,wickets,match,ARIMA,2,6.501048377407158,1.691068086812745,11.31102866800157
PBKS,wickets,match,ARIMA,3,5.752739459478457,0.9420339491045979,10.563444969852316
PBKS,wickets,match,ARIMA,4,6.489678206013406,1.6788855827504774,11.300470829276335
PBKS,wickets,match,ARIMA,5,5.75891954308983,0.9475417884481239,10.570297297731535
PBKS,wickets,match,SARIMAX,1,8.92544032896444,5.49121638660962,12.359664271319259
PBKS,wickets,match,SARIMAX,2,8.340797531019401,4.858102237867648,11.823492824171154
PBKS,wickets,match,SARIMAX,3,7.953133513774446,4.4687071604589566,11.437559867089936
PBKS,wickets,match,SARIMAX,4,8.214391349816845,4.72984575655698,11.69893694307671
PBKS,wickets,match,SARIMAX,5,8.456649269355227,4.972087700936567,11.941210837773887
PBKS,wickets,match,Prophet,1,6.798229121857235,3.883104524038484,10.218480137260915
PBKS,wickets,match,Prophet,2,6.849165123314107,3.5737453284937404,9.953190776246357
PBKS,wickets,match,Prophet,3,6.89275667991862,3.7839016523799547,10.17105026070705
PBKS,wickets,match,Prophet,4,6.9282149969020015,3.643161251180949,10.037136145007562
PBKS,wickets,match,Prophet,5,6.95504676436929,3.707436284438613,10.091867715304986
PBKS,win_probability_proxy,match,ARIMA,1,0.4269770151131015,-0.5527070406915997,1.4066610709178027
PBKS,win_probability_proxy,match,ARIMA,2,0.529134697076963,-0.45088730004338884,1.509156694197315
PBKS,win_probability_proxy,match,ARIMA,3,0.4219870400034081,-0.5587890491702894,1.4027631291771054
PBKS,win_probability_proxy,match,ARIMA,4,0.49689569056344896,-0.48466272897952567,1.4784541101064237
PBKS,win_probability_proxy,match,ARIMA,5,0.4469600882594063,-0.5347804094291868,1.4287005859479993
PBKS,win_probability_proxy,match,SARIMAX,1,0.37612354360216227,-0.44685247153367924,1.1990995587380038
PBKS,win_probability_proxy,match,SARIMAX,2,0.3554368859228641,-0.46871141196437843,1.1795851838101066
PBKS,win_probability_proxy,match,SARIMAX,3,0.3626704695914186,-0.4646963633549328,1.19003730253777
PBKS,win_probability_proxy,match,SARIMAX,4,0.3281039800730358,-0.502375074322702,1.1585830344687738
PBKS,win_probability_proxy,match,SARIMAX,5,0.33775151877926324,-0.4958315889035412,1.1713346264620677
PBKS,win_probability_proxy,match,Prophet,1,0.3767825234542939,-0.22429337969434276,0.9931732922030453
PBKS,win_probability_proxy,match,Prophet,2,0.37662328662944256,-0.23673898233172516,1.0200747718225176
PBKS,win_probability_proxy,match,Prophet,3,0.37703659293089553,-0.21693585205338944,0.9884664958872997
PBKS,win_probability_proxy,match,Prophet,4,0.37787713496781683,-0.27864105010664275,0.989646779855714
PBKS,win_probability_proxy,match,Prophet,5,0.37900863728117923,-0.19637219522793425,0.9796488957851746
PWI,runs,match,ARIMA,1,153.26176659525763,103.7254483905074,202.79808480000787
PWI,runs,match,ARIMA,2,136.39961839694917,84.84422320184734,187.955013592051
PWI,runs,match,ARIMA,3,166.54350290183956,113.44006440768457,219.64694139599453
PWI,runs,match,ARIMA,4,137.33249387440566,78.04583583831939,196.61915191049192
PWI,runs,match,ARIMA,5,161.0114832478107,100.68731902069409,221.33564747492733
PWI,runs,match,SARIMAX,1,182.4339086958911,170.88469813259928,193.9831192591829
PWI,runs,match,SARIMAX,2,183.7446864640607,171.9777898490294,195.511583079092
PWI,runs,match,SARIMAX,3,188.61241309631663,176.80057998951867,200.4242462031146
PWI,runs,match,SARIMAX,4,182.15621240821622,170.3126710217751,193.99975379465735
PWI,runs,match,SARIMAX,5,180.67391687253874,168.8002882902726,192.5475454548049
PWI,runs,match,Prophet,1,158.51382273774934,132.12308850408843,183.9926078526975
PWI,runs,match,Prophet,2,158.19378579365969,133.9167212137656,185.4541906997368
PWI,runs,match,Prophet,3,157.53292409245464,130.81993576204047,184.28995176473595
PWI,runs,match,Prophet,4,156.53138885086798,132.6264393713751,183.83802845500458
PWI,runs,match,Prophet,5,155.20151348527304,133.38554908307916,182.57887855703865
PWI,wickets,match,ARIMA,1,7.52513174871301,3.0249553812175316,12.025308116208489
PWI,wickets,match,ARIMA,2,5.451201341500173,0.9476512658647218,9.954751417135626
PWI,wickets,match,ARIMA,3,7.513303974112629,2.9442773236511615,12.082330624574098
PWI,wickets,match,ARIMA,4,5.693007289908238,1.1150262181739041,10.270988361642571
PWI,wickets,match,ARIMA,5,7.337044052741306,2.7260826549024086,11.948005450580204
PWI,wickets,match,SARIMAX,1,4.846002643695752,4.0492137270818045,5.6427915603097
PWI,wickets,match,SARIMAX,2,4.991222706381635,4.0015930332216705,5.980852379541599
PWI,wickets,match,SARIMAX,3,4.869067862964082,3.6750899632799,6.0630457626482634
PWI,wickets,match,SARIMAX,4,5.098679100921814,3.744776831672228,6.4525813701714
PWI,wickets,match,SARIMAX,5,6.193199093803069,4.691592948636555,7.694805238969583
PWI,wickets,match,Prophet,1,6.459986201081776,3.9692320245706303,9.085665407386509
PWI,wickets,match,Prophet,2,6.388115354882386,3.877473662122932,9.126160273155367
PWI,wickets,match,Prophet,3,6.293363124732288,3.861091583523743,8.988333099336035
PWI,wickets,match,Prophet,4,6.18461048203123,3.583761143620049,8.72034335743134
PWI,wickets,match,Prophet,5,6.071573550283136,3.574241851583472,8.43047434262745
PWI,win_probability_proxy,match,ARIMA,1,0.40839577221296014,-0.48412845852893077,1.300920002954851
PWI,win_probability_proxy,match,ARIMA,2,0.1903723793817662,-0.7088594816364306,1.089604240399963
PWI,win_probability_proxy,match,ARIMA,3,0.34191974793567836,-0.5585392630109277,1.2423787588822846
PWI,win_probability_proxy,match,ARIMA,4,0.23538450914937017,-0.668419585616739,1.1391886039154793
PWI,win_probability_proxy,match,ARIMA,5,0.3103081869662453,-0.5932398432806606,1.2138562172131513
PWI,win_probability_proxy,match,SARIMAX,1,-0.010670999710247264,-0.3436205392834565,0.32227853986296195
PWI,win_probability_proxy,match,SARIMAX,2,-0.014583592123228295,-0.8094616041399496,0.7802944198934929
PWI,win_probability_proxy,match,SARIMAX,3,-0.0205854002437601,-1.2443280965136645,1.203157296026144
PWI,win_probability_proxy,match,SARIMAX,4,-0.023098935515810326,-1.6306272857081585,1.5844294146765376
PWI,win_probability_proxy,match,SARIMAX,5,-0.01556021890147885,-1.9648199660459138,1.9336995282429559
PWI,win_probability_proxy,match,Prophet,1,-0.1627297831281489,-0.6331921024359829,0.32554380600837524
PWI,win_probability_proxy,match,Prophet,2,-0.20492102803862594,-0.6472393474285165,0.2377282591526
PWI,win_probability_proxy,match,Prophet,3,-0.2347741588328791,-0.7092483568083418,0.23379564675564907
PWI,win_probability_proxy,match,Prophet,4,-0.2520492953088279,-0.7250947372187285,0.1824226886084259
PWI,win_probability_proxy,match,Prophet,5,-0.2570042646779957,-0.7359086234147229,0.18096318178847726
RCB,runs,match,ARIMA,1,162.3666206586529,93.16596999334625,231.56727132395952
RCB,runs,match,ARIMA,2,162.11104192173022,92.90503553897604,231.3170483044844
RCB,runs,match,ARIMA,3,158.26443613682142,88.2236522643814,228.30522000926143
RCB,runs,match,ARIMA,4,157.99877831581315,87.94116485842173,228.05639177320458
RCB,runs,match,ARIMA,5,157.42960932196573,87.33041884796332,227.52879979596815
RCB,runs,match,SARIMAX,1,207.04976388356576,176.8440034217586,237.25552434537292
RCB,runs,match,SARIMAX,2,210.82490845447543,179.21769979611747,242.4321171128334
RCB,runs,match,SARIMAX,3,211.7503080041052,179.8324048072231,243.6682112009873
RCB,runs,match,SARIMAX,4,212.02622170806768,179.93712865154023,244.11531476459513
RCB,runs,match,SARIMAX,5,212.5131412535911,180.2797497596464,244.7465327475358
RCB,runs,match,Prophet,1,170.71400867759027,126.16035397770719,215.44624662477486
RCB,runs,match,Prophet,2,169.3287932926947,125.46550446126213,210.30511703508668
RCB,runs,match,Prophet,3,168.0674406662095,125.10008602010838,211.5650057893333
RCB,runs,match,Prophet,4,166.97773901030084,120.68388455569068,208.90164987492915
RCB,runs,match,Prophet,5,166.09803279274374,121.55086896001553,208.95454574255118
RCB,wickets,match,ARIMA,1,5.441246036234798,0.19879016897126078,10.683701903498335
RCB,wickets,match,ARIMA,2,5.892298075685183,0.6237745622511559,11.160821589119209
RCB,wickets,match,ARIMA,3,5.552596219720706,0.2838674599111801,10.821324979530232
RCB,wickets,match,ARIMA,4,5.78095515093783,0.4857629097939151,11.076147392081744
RCB,wickets,match,ARIMA,5,5.628724750874961,0.33180580914127233,10.92564369260865
RCB,wickets,match,SARIMAX,1,3.465905251697796,-0.6025842126635368,7.534394716059129
RCB,wickets,match,SARIMAX,2,3.495854589615341,-0.6863006345807428,7.678009813811425
RCB,wickets,match,SARIMAX,3,3.5016650019020314,-0.7080817436917863,7.711411747495849
RCB,wickets,match,SARIMAX,4,3.1701639123068794,-1.0589830845985384,7.399310909212297
RCB,wickets,match,SARIMAX,5,3.586518921419728,-0.6608104935655161,7.833848336404972
RCB,wickets,match,Prophet,1,5.224543507340326,2.1747238727721565,8.384751651676316
RCB,wickets,match,Prophet,2,5.210800540808783,2.0125977480521664,8.440943188965042
RCB,wickets,match,Prophet,3,5.212101102092036,1.9163459196577894,8.420194716040735
RCB,wickets,match,Prophet,4,5.227386785184641,1.9689965396695428,8.51875878759722
RCB,wickets,match,Prophet,5,5.254939493683574,2.070201506220789,8.550652008530642
RCB,win_probability_proxy,match,ARIMA,1,0.42794607335222445,-0.5502336686466357,1.4061258153510847
RCB,win_probability_proxy,match,ARIMA,2,0.5196810221802389,-0.45870686907426106,1.498068913434739
RCB,win_probability_proxy,match,ARIMA,3,0.4354255962781717,-0.5431734858469766,1.41402467840332
RCB,win_probability_proxy,match,ARIMA,4,0.5167494592704841,-0.46225390439106784,1.495752822932036
RCB,win_probability_proxy,match,ARIMA,5,0.43821622328296805,-0.5409654952123486,1.4173979417782847
RCB,win_probability_proxy,match,SARIMAX,1,0.849930745408665,0.08330464528267101,1.6165568455346588
RCB,win_probability_proxy,match,SARIMAX,2,0.848647788537079,0.08154904937741148,1.6157465276967464
RCB,win_probability_proxy,match,SARIMAX,3,0.8477443068836901,0.08003631115297494,1.6154523026144052
RCB,win_probability_proxy,match,SARIMAX,4,0.8455824950179518,0.07726644455164611,1.6138985454842576
RCB,win_probability_proxy,match,SARIMAX,5,0.8485444891345382,0.07962086122647472,1.6174681170426015
RCB,win_probability_proxy,match,Prophet,1,0.6385614443965584,0.027834474209437552,1.2822868484606007
RCB,win_probability_proxy,match,Prophet,2,0.6300404387937628,-0.0062283479804126855,1.2874960387018708
RCB,win_probability_proxy,match,Prophet,3,0.6177119747446852,-0.003805203712926575,1.2325785809888237
RCB,win_probability_proxy,match,Prophet,4,0.6021272727514517,0.024278039836452298,1.2582530916948684
RCB,win_probability_proxy,match,Prophet,5,0.5839584782055607,-0.013090468092698619,1.1665094954533008
RPS,runs,match,ARIMA,1,156.6010126490492,93.70012560435929,219.50189969373912
RPS,runs,match,ARIMA,2,152.792833989879,89.4212556140989,216.1644123656591
RPS,runs,match,ARIMA,3,155.25674305311597,91.90361860646757,218.60986749976436
RPS,runs,match,ARIMA,4,152.98403427774392,89.59256788249255,216.3755006729953
RPS,runs,match,ARIMA,5,155.01283965970353,91.64547312043982,218.38020619896724
RPS,runs,match,SARIMAX,1,163.95784758777214,162.75507756945103,165.16061760609324
RPS,runs,match,SARIMAX,2,163.07105547312918,159.78236721938475,166.3597437268736
RPS,runs,match,SARIMAX,3,163.5424199897215,158.24008260252833,168.84475737691469
RPS,runs,match,SARIMAX,4,164.9208877610362,157.7819944166677,172.0597811054047
RPS,runs,match,SARIMAX,5,166.67436408932716,157.8782033452669,175.4705248333874
RPS,runs,match,Prophet,1,176.21107062838323,152.55092983413203,201.1180384179464
RPS,runs,match,Prophet,2,179.89577260451657,156.8392084951164,204.42982675196683
RPS,runs,match,Prophet,3,182.83967791927702,160.0983990878552,206.16121090967778
RPS,runs,match,Prophet,4,184.5337563174112,160.74750725613006,207.11751303755233
RPS,runs,match,Prophet,5,184.50643511787376,160.5502052711464,207.43336508082683
RPS,wickets,match,ARIMA,1,6.863418678816572,2.6163337665156803,11.110503591117464
RPS,wickets,match,ARIMA,2,7.657504214061196,3.1924604155565257,12.122548012565865
RPS,wickets,match,ARIMA,3,7.574980521357201,3.0946871029934595,12.055273939720943
RPS,wickets,match,ARIMA,4,7.048899204256685,2.4848872634167334,11.612911145096636
RPS,wickets,match,ARIMA,5,6.480004406133837,1.8908483508347622,11.069160461432912
RPS,wickets,match,SARIMAX,1,4.674182992030426,4.020908086351627,5.327457897709225
RPS,wickets,match,SARIMAX,2,4.908822339390754,4.09298614306025,5.724658535721259
RPS,wickets,match,SARIMAX,3,5.858088180261719,4.921754209991175,6.794422150532263
RPS,wickets,match,SARIMAX,4,8.173403964349003,7.1327285654837596,9.214079363214246
RPS,wickets,match,SARIMAX,5,7.200938777551427,6.0658673931076645,8.336010161995189
RPS,wickets,match,Prophet,1,5.248309348756802,3.025661339367644,7.569923896983761
RPS,wickets,match,Prophet,2,5.643029752579401,3.365104950068961,7.859931546103489
RPS,wickets,match,Prophet,3,6.076800904602582,3.975904633554244,8.402323200581332
RPS,wickets,match,Prophet,4,6.516469842808593,4.322928537123528,8.702871760298935
RPS,wickets,match,Prophet,5,6.9274129026977525,4.834895260400059,9.160033865970368
RPS,win_probability_proxy,match,ARIMA,1,0.5111284491125105,-0.3354466108521922,1.3577035090772132
RPS,win_probability_proxy,match,ARIMA,2,0.47262401451136243,-0.3735814831197755,1.3188295121425004
RPS,win_probability_proxy,match,ARIMA,3,0.6521462928224262,-0.24058159444979965,1.5448741800946522
RPS,win_probability_proxy,match,ARIMA,4,0.7987151025386907,-0.09692342542596133,1.6943536305033429
RPS,win_probability_proxy,match,ARIMA,5,0.8288584149903951,-0.08497704619814705,1.7426938761789375
RPS,win_probability_proxy,match,SARIMAX,1,1.0635878641319185,0.913162328432747,1.21401339983109
RPS,win_probability_proxy,match,SARIMAX,2,1.0486438208907924,0.7804871107129432,1.3168005310686417
RPS,win_probability_proxy,match,SARIMAX,3,0.9933366983236276,0.622495181256218,1.3641782153910371
RPS,win_probability_proxy,match,SARIMAX,4,0.9465977369980154,0.4864298877523638,1.406765586243667
RPS,win_probability_proxy,match,SARIMAX,5,0.9636789733477573,0.4249007332615895,1.5024572134339251
RPS,win_probability_proxy,match,Prophet,1,0.6728078470208247,0.1287644849280898,1.210470580700559
RPS,win_probability_proxy,match,Prophet,2,0.6447703437843687,0.12528724751856524,1.1841255189250737
RPS,win_probability_proxy,match,Prophet,3,0.6145152639711698,0.0823474998162491,1.1846757658447573
RPS,win_probability_proxy,match,Prophet,4,0.5838900727343014,0.04443407689166168,1.1238288444129427
RPS,win_probability_proxy,match,Prophet,5,0.5548780981058972,0.007745173323401202,1.0887513594819067
RR,runs,match,ARIMA,1,163.48802007398965,100.08241151625474,226.89362863172454
RR,runs,match,ARIMA,2,162.74375813960478,99.337903152519,226.14961312669055
RR,runs,match,ARIMA,3,163.86427315025827,100.32021299700114,227.4083333035154
RR,runs,match,ARIMA,4,164.24974887529532,100.70457906930412,227.79491868128653
RR,runs,match,ARIMA,5,164.25608556532146,100.67727159843778,227.83489953220513
RR,runs,match,SARIMAX,1,179.21518659271902,152.50009763641944,205.9302755490186
RR,runs,match,SARIMAX,2,178.07918403078378,150.58908175750156,205.569286304066
RR,runs,match,SARIMAX,3,177.06001230406173,149.16100537919192,204.95901922893154
RR,runs,match,SARIMAX,4,177.48966238992608,149.211943696461,205.76738108339117
RR,runs,match,SARIMAX,5,178.0733624849241,149.42394403687723,206.72278093297098
RR,runs,match,Prophet,1,166.427424408223,128.55200509232455,206.74827149669343
RR,runs,match,Prophet,2,167.2470686022143,128.94665513883336,205.71892529835685
RR,runs,match,Prophet,3,168.30070741031733,129.2448218609184,207.37354003052948
RR,runs,match,Prophet,4,169.5999805510244,131.14294293593466,209.80060009018996
RR,runs,match,Prophet,5,171.15103828238833,133.78208750097008,208.49583017196795
RR,wickets,match,ARIMA,1,6.161740410551508,1.2696582304386315,11.053822590664385
RR,wickets,match,ARIMA,2,5.857674301380879,0.9647857491351894,10.750562853626569
RR,wickets,match,ARIMA,3,6.159583833340171,1.2652401346977102,11.05392753198263
RR,wickets,match,ARIMA,4,5.8604523228539,0.9656855776281095,10.75521906807969
RR,wickets,match,ARIMA,5,6.156828527771516,1.2606531900416966,11.053003865501335
RR,wickets,match,SARIMAX,1,6.880306742673713,3.198872594617604,10.561740890729821
RR,wickets,match,SARIMAX,2,7.182990389347585,3.4735414457278346,10.892439332967335
RR,wickets,match,SARIMAX,3,7.0322433940949916,3.322120799320044,10.742365988869938
RR,wickets,match,SARIMAX,4,7.155932041194096,3.44576346738163,10.866100615006562
RR,wickets,match,SARIMAX,5,6.989615871747405,3.2794392913484134,10.699792452146395
RR,wickets,match,Prophet,1,6.745645867762438,3.5073993189142674,9.894400557660537
RR,wickets,match,Prophet,2,6.779592266700327,3.535428798233178,9.945721809523814
RR,wickets,match,Prophet,3,6.797661420418054,3.6297420946081203,9.740641294969333
RR,wickets,match,Prophet,4,6.800028066602543,3.709085618865217,9.980057120524101
RR,wickets,match,Prophet,5,6.7875179373245205,3.5708517230439707,9.791875711958214
RR,win_probability_proxy,match,ARIMA,1,0.563487409321196,-0.4023838854457813,1.5293587040881733
RR,win_probability_proxy,match,ARIMA,2,0.5187944709129921,-0.4480698371108587,1.485658778936843
RR,win_probability_proxy,match,ARIMA,3,0.5372167828859571,-0.43786600857847413,1.5122995743503882
RR,win_probability_proxy,match,ARIMA,4,0.5571451880997608,-0.42026150720928246,1.5345518834088039
RR,win_probability_proxy,match,ARIMA,5,0.5705218794465742,-0.4069465451258839,1.5479903040190321
RR,win_probability_proxy,match,SARIMAX,1,1.2559178361603214,0.4931258690821564,2.0187098032384863
RR,win_probability_proxy,match,SARIMAX,2,1.2628720158281581,0.4999174433792394,2.0258265882770767
RR,win_probability_proxy,match,SARIMAX,3,1.2325851695793046,0.46962903123852084,1.9955413079200883
RR,win_probability_proxy,match,SARIMAX,4,1.262033779814414,0.4990771581881218,2.024990401440706
RR,win_probability_proxy,match,SARIMAX,5,1.2579340305899778,0.4949769424050189,2.0208911187749368
RR,win_probability_proxy,match,Prophet,1,0.3769460074044,-0.3146934308147288,1.008146280702549
RR,win_probability_proxy,match,Prophet,2,0.36525365125235465,-0.26349664891713226,0.9731835297713651
RR,win_probability_proxy,match,Prophet,3,0.3564381987178675,-0.2699968472221382,0.9919101259287354
RR,win_probability_proxy,match,Prophet,4,0.3509784223142769,-0.24222983163799314,0.9621603620960263
RR,win_probability_proxy,match,Prophet,5,0.3492707814535485,-0.2792864073344458,0.9713533469941442
SRH,runs,match,ARIMA,1,156.49061069873144,103.29686242652484,209.68435897093804
SRH,runs,match,ARIMA,2,156.05993942921242,102.35625681348364,209.7636220449412
SRH,runs,match,ARIMA,3,156.49610316026775,102.73318919417639,210.2590171263591
SRH,runs,match,ARIMA,4,156.16482632766795,102.39198330200081,209.93766935333508
SRH,runs,match,ARIMA,5,156.42760309629412,102.63337648272869,210.22182970985955
SRH,runs,match,SARIMAX,1,154.3289984476085,132.71484849535045,175.94314839986657
SRH,runs,match,SARIMAX,2,152.88921748847864,130.48955154640177,175.2888834305555
SRH,runs,match,SARIMAX,3,152.46526279259518,129.81849743465241,175.11202815053795
SRH,runs,match,SARIMAX,4,152.92424647627584,130.08935652897577,175.7591364235759
SRH,runs,match,SARIMAX,5,153.30824651541215,130.29512121471564,176.32137181610867
SRH,runs,match,Prophet,1,156.6287442762768,121.41824776793825,190.1054183052293
SRH,runs,match,Prophet,2,156.31870998708396,123.64321842196534,191.7238310026055
SRH,runs,match,Prophet,3,156.17426738439605,123.33976525912784,189.59384244472776
SRH,runs,match,Prophet,4,156.18979504513388,124.74616435310273,190.37185278132748
SRH,runs,match,Prophet,5,156.35711603905952,121.70350777896637,190.58449240216362
SRH,wickets,match,ARIMA,1,6.360501329143253,1.4532498900379043,11.267752768248602
SRH,wickets,match,ARIMA,2,5.927173192364341,1.0015497296835898,10.852796655045093
SRH,wickets,match,ARIMA,3,5.833888678185081,0.9069925161802725,10.76078484018989
SRH,wickets,match,ARIMA,4,5.99428912672341,1.0625799861991059,10.925998267247714
SRH,wickets,match,ARIMA,5,5.828768248451828,0.8969740831472297,10.760562413756427
SRH,wickets,match,SARIMAX,1,0.8847560617931416,-2.986267604043112,4.755779727629395
SRH,wickets,match,SARIMAX,2,1.1113521602863203,-2.7744560734635564,4.997160394036197
SRH,wickets,match,SARIMAX,3,1.1189039725296892,-2.7790262880106273,5.016834233070005
SRH,wickets,match,SARIMAX,4,0.9472312960647997,-2.9562496980437527,4.850712290173352
SRH,wickets,match,SARIMAX,5,1.0706122893980954,-2.8392501669861065,4.980474745782297
SRH,wickets,match,Prophet,1,5.155228886660426,2.156070423669545,8.155356953192342
SRH,wickets,match,Prophet,2,5.099803750903197,1.9955505960573274,8.031992533688602
SRH,wickets,match,Prophet,3,5.050961886429051,1.8082614677725413,8.131087132880868
SRH,wickets,match,Prophet,4,5.009214044480288,2.0550289333548015,8.360045406676242
SRH,wickets,match,Prophet,5,4.974787336703466,1.7907471615949395,8.013428962447955
SRH,win_probability_proxy,match,ARIMA,1,0.52860706540308,-0.44609271376673354,1.5033068445728937
SRH,win_probability_proxy,match,ARIMA,2,0.4375504389566281,-0.5417533724224497,1.4168542503357058
SRH,win_probability_proxy,match,ARIMA,3,0.4959084105976895,-0.48392246670024136,1.4757392878956204
SRH,win_probability_proxy,match,ARIMA,4,0.44272529057744986,-0.5379252115765762,1.4233757927314759
SRH,win_probability_proxy,match,ARIMA,5,0.4902040329399896,-0.4907949854846233,1.4712030513646024
SRH,win_probability_proxy,match,SARIMAX,1,1.4576473405065562,0.6113357712071988,2.3039589098059134
SRH,win_probability_proxy,match,SARIMAX,2,1.586213205153284,0.702934020707692,2.469492389598876
SRH,win_probability_proxy,match,SARIMAX,3,1.6136705214230211,0.7241547267035107,2.5031863161425316
SRH,win_probability_proxy,match,SARIMAX,4,1.6137700225358163,0.7216296335965557,2.5059104114750768
SRH,win_probability_proxy,match,SARIMAX,5,1.6178082737732886,0.7237038239287054,2.511912723617872
SRH,win_probability_proxy,match,Prophet,1,0.5085345972591919,-0.11234495936531694,1.1122998022337194
SRH,win_probability_proxy,match,Prophet,2,0.5190490991552457,-0.12029705655740014,1.1293310618442964
SRH,win_probability_proxy,match,Prophet,3,0.5295739288232082,-0.11894670766888052,1.119020395388889
SRH,win_probability_proxy,match,Prophet,4,0.53992938510934,-0.06851151743621287,1.1090145290711648
SRH,win_probability_proxy,match,Prophet,5,0.5499564238487502,-0.08488437926118404,1.175267162763661
